{
  "score": {
    "max": 528,
    "avg": 21.02914495271183,
    "median": 12,
    "p90": 52,
    "p95": 66,
    "p99": 108.57999999999993
  },
  "kills": {
    "max": 203,
    "avg": 5.693302451264235,
    "median": 3,
    "p90": 15,
    "p95": 20,
    "p99": 29
  },
  "deaths": {
    "max": 183,
    "avg": 9.637650389242745,
    "median": 8,
    "p90": 22,
    "p95": 25,
    "p99": 32
  },
  "offense": {
    "max": 528,
    "avg": 11.739239529048445,
    "median": 6,
    "p90": 28,
    "p95": 37,
    "p99": 85
  },
  "defense": {
    "max": 41,
    "avg": 3.1059640995946727,
    "median": 1,
    "p90": 10,
    "p95": 13,
    "p99": 21
  },
  "style": {
    "max": 295,
    "avg": 6.185614102811555,
    "median": 3,
    "p90": 17,
    "p95": 22,
    "p99": 34
  },
  "avg_score": {
    "max": 528,
    "avg": 21.029144952711803,
    "median": 19.5,
    "p90": 39.8,
    "p95": 47,
    "p99": 110.25
  },
  "avg_kills": {
    "max": 136,
    "avg": 5.693302451264207,
    "median": 5.333333333333333,
    "p90": 12.125,
    "p95": 13.823529411764707,
    "p99": 17
  },
  "avg_deaths": {
    "max": 102,
    "avg": 9.637650389242706,
    "median": 10.125,
    "p90": 18.814545454545474,
    "p95": 20.625,
    "p99": 25.5
  },
  "avg_offense": {
    "max": 528,
    "avg": 11.739239529048474,
    "median": 9.666666666666666,
    "p90": 21.6,
    "p95": 25.78666666666662,
    "p99": 103
  },
  "avg_defense": {
    "max": 29,
    "avg": 3.1059640995946625,
    "median": 2.6666666666666665,
    "p90": 7.142857142857143,
    "p95": 8.666666666666666,
    "p99": 11.2
  },
  "avg_style": {
    "max": 152,
    "avg": 6.185614102811507,
    "median": 5.666666666666667,
    "p90": 12.75,
    "p95": 15.81818181818182,
    "p99": 24
  },
  "avgDist_score": {
    "max": 255,
    "avg": 10.875995961593231,
    "median": 6.333333333333334,
    "p90": 26.88888888888889,
    "p95": 33.888888888888886,
    "p99": 62.55799999999999
  },
  "avgDist_kills": {
    "max": 99.5,
    "avg": 3.1424104600606393,
    "median": 1.75,
    "p90": 8.222222222222221,
    "p95": 10.5,
    "p99": 16.166666666666664
  },
  "avgDist_deaths": {
    "max": 81,
    "avg": 3.4982053742377177,
    "median": 2.25,
    "p90": 8.857142857142858,
    "p95": 11.285714285714286,
    "p99": 16.5
  },
  "avgDist_offense": {
    "max": 203.2,
    "avg": 6.346488454108771,
    "median": 3,
    "p90": 15,
    "p95": 20,
    "p99": 48
  },
  "avgDist_defense": {
    "max": 28.1,
    "avg": 2.2358568459931503,
    "median": 1.25,
    "p90": 5.784126984126993,
    "p95": 7.714285714285714,
    "p99": 13.175454545454546
  },
  "avgDist_style": {
    "max": 143,
    "avg": 3.671115229137467,
    "median": 2.2,
    "p90": 9.094285714285745,
    "p95": 11.75,
    "p99": 19.608923076923077
  },
  "avgAvgDist": {
    "max": 115.08333333333333,
    "avg": 4.96167872085518,
    "median": 3.5952380952380953,
    "p90": 11.457142857142864,
    "p95": 14.148148148148147,
    "p99": 23.787705627705627
  },
  "minAvgDist": {
    "max": 19.666666666666668,
    "avg": 1.040393874851086,
    "median": 0.40000000000000036,
    "p90": 3.111111111111111,
    "p95": 4.4,
    "p99": 6.625
  },
  "maxAvgDist": {
    "max": 255,
    "avg": 11.621726335030882,
    "median": 7.777777777777779,
    "p90": 27,
    "p95": 34,
    "p99": 62.59666666666665
  },
  "totalAvgDist": {
    "max": 690.5,
    "avg": 29.77007232513097,
    "median": 21.571428571428573,
    "p90": 68.74285714285718,
    "p95": 84.88888888888889,
    "p99": 142.72623376623375
  }
}
